[
  {
    "TagName": "Blue",
    "Uid": "840ef788-4c12-4471-bb35-3327c703c74e",
    "ColorString": "#0072BD"
  },
  {
    "TagName": "Orange",
    "Uid": "62bc97a2-e393-465d-b965-a8bf64f79dd0",
    "ColorString": "#D95319"
  },
  {
    "TagName": "Yellow",
    "Uid": "d51d76aa-881f-4f4a-a968-459362caebc0",
    "ColorString": "#EDB120"
  },
  {
    "TagName": "Green",
    "Uid": "8d7d38be-8a75-4d59-a94d-ee56818cdca2",
    "ColorString": "#77AC30"
  },
  {
    "TagName": "Azure",
    "Uid": "216ab5d4-25f8-44f9-930a-9db90e3969e7",
    "ColorString": "#4DBEEE"
  }
]