{
  "UseCompactStyles": true,
  "Content": 1,
  "ShowFolderSize": false,
  "ContinueLastSessionOnStartUp": false,
  "OpenSpecificPageOnStartup": false,
  "DefaultLayoutMode": 1,
  "DefaultGridViewSize": 100,
  "DefaultDirectorySortOption": 0,
  "DefaultDirectoryGroupOption": 0,
  "DefaultDirectorySortDirection": 0,
  "DefaultSortDirectoriesAlongsideFiles": false,
  "ShowDateCreatedColumn": false,
  "ShowDateColumn": true,
  "ShowTypeColumn": true,
  "ShowSizeColumn": false,
  "ShowFileTagColumn": false,
  "IsDualPaneEnabled": false,
  "ShowFavoritesSection": true,
  "ShowLibrarySection": true,
  "ShowDrivesSection": true,
  "ShowCloudDrivesSection": true,
  "ShowNetworkDrivesSection": false,
  "ShowWslSection": true,
  "ShowFileTagsSection": true,
  "IsSidebarOpen": false,
  "SidebarWidth": 194.98110198974609,
  "AreHiddenItemsVisible": false,
  "ShowFileExtensions": true,
  "ForceLayoutPreferencesOnAllDirectories": false,
  "ShowFoldersWidget": true,
  "ShowDrivesWidget": true,
  "ShowBundlesWidget": false,
  "ShowRecentFilesWidget": true,
  "FoldersWidgetExpanded": true,
  "DrivesWidgetExpanded": true,
  "RecentFilesWidgetExpanded": true,
  "PinRecycleBinToSidebar": true,
  "ShowConfirmDeleteDialog": true,
  "OpenFoldersInNewTab": false,
  "AreSystemItemsHidden": true,
  "AreAlternateStreamsVisible": false,
  "ShowDotFiles": true,
  "OpenFilesWithOneClick": false,
  "OpenFoldersWithOneClick": false,
  "SearchUnindexedItems": false,
  "OpenNewTabOnStartup": true,
  "AlwaysOpenNewInstance": false,
  "AlwaysOpenDualPaneInNewTab": false,
  "MoveOverflowMenuItemsToSubMenu": false,
  "ShowPreviewOnly": false,
  "ShowThumbnails": true,
  "TabsOnStartupList": null,
  "VerticalSizePx": 250.0
}